{"cameraMode":{"drawMode":0,"name":"Shaded","section":"Shading Mode"},"sceneLighting":false,"audioPlay":false,"sceneViewState":{"m_AlwaysRefresh":false,"showFog":true,"showSkybox":false,"showFlares":true,"showImageEffects":true,"showParticleSystems":true,"showVisualEffectGraphs":true,"m_FxEnabled":true},"in2DMode":false,"pivot":{"x":0.05979543924331665,"y":1.6479476690292359,"z":0.18946713209152223},"rotation":{"x":-0.23500987887382508,"y":0.6841838955879211,"z":-0.24950501322746278,"w":-0.6439284682273865},"size":2.1354496479034426,"orthographic":false}