{"cameraMode":{"drawMode":0,"name":"Shaded","section":"Shading Mode"},"sceneLighting":false,"audioPlay":false,"sceneViewState":{"m_AlwaysRefresh":false,"showFog":true,"showSkybox":false,"showFlares":true,"showImageEffects":true,"showParticleSystems":true,"showVisualEffectGraphs":true,"m_FxEnabled":true},"in2DMode":false,"pivot":{"x":-0.001354217529296875,"y":0.39287933707237246,"z":0.003574371337890625},"rotation":{"x":0.03458770737051964,"y":-0.8543539047241211,"z":0.060040879994630817,"w":0.5158646106719971},"size":0.6921847462654114,"orthographic":false}