{"cameraMode":{"drawMode":0,"name":"Shaded","section":"Shading Mode"},"sceneLighting":false,"audioPlay":false,"sceneViewState":{"m_AlwaysRefresh":false,"showFog":true,"showSkybox":false,"showFlares":true,"showImageEffects":true,"showParticleSystems":true,"showVisualEffectGraphs":true,"m_FxEnabled":true},"in2DMode":false,"pivot":{"x":-1.3583295345306397,"y":3.404099225997925,"z":1.0927209854125977},"rotation":{"x":0.003385144053027034,"y":0.9679572582244873,"z":0.013067985884845257,"w":-0.25077196955680849},"size":4.397701263427734,"orthographic":false}