{"cameraMode":{"drawMode":0,"name":"Shaded","section":"Shading Mode"},"sceneLighting":false,"audioPlay":false,"sceneViewState":{"m_AlwaysRefresh":false,"showFog":true,"showSkybox":false,"showFlares":true,"showImageEffects":true,"showParticleSystems":true,"showVisualEffectGraphs":true,"m_FxEnabled":true},"in2DMode":false,"pivot":{"x":1.2901124954223633,"y":0.18556219339370728,"z":-2.1740682125091554},"rotation":{"x":-0.10718713700771332,"y":0.8556340932846069,"z":-0.19606509804725648,"w":-0.4672992527484894},"size":3.6000170707702638,"orthographic":false}