{"cameraMode":{"drawMode":0,"name":"Shaded","section":"Shading Mode"},"sceneLighting":false,"audioPlay":false,"sceneViewState":{"m_AlwaysRefresh":false,"showFog":true,"showSkybox":false,"showFlares":true,"showImageEffects":true,"showParticleSystems":true,"showVisualEffectGraphs":true,"m_FxEnabled":true},"in2DMode":false,"pivot":{"x":62.375492095947269,"y":2.6145377159118654,"z":64.70022583007813},"rotation":{"x":-0.050471339374780658,"y":0.9366435408592224,"z":-0.15163524448871613,"w":-0.31176164746284487},"size":1.6372311115264893,"orthographic":false}