{"cameraMode":{"drawMode":0,"name":"Shaded","section":"Shading Mode"},"sceneLighting":true,"audioPlay":false,"sceneViewState":{"m_AlwaysRefresh":false,"showFog":true,"showSkybox":false,"showFlares":true,"showImageEffects":true,"showParticleSystems":true,"showVisualEffectGraphs":true,"m_FxEnabled":true},"in2DMode":false,"pivot":{"x":1.864715814590454,"y":3.3994855880737306,"z":-1.4628546237945557},"rotation":{"x":-0.03476087376475334,"y":-0.8775595426559448,"z":0.4740910232067108,"w":-0.06463772803544998},"size":5.2264885902404789,"orthographic":false}